Link,Author,Cover
http://gall.dcinside.com/m/elecmusic/18256,ㅇㅇ,slikback
http://gall.dcinside.com/m/elecmusic/18308,노냥,callasoiled
http://gall.dcinside.com/m/elecmusic/18326,썸마인즈,virtual_riot
http://gall.dcinside.com/m/elecmusic/18337,ㅇㅇ (125.185),rikhter
http://gall.dcinside.com/m/elecmusic/18367,ㅁㄴㅇㄹ (112.154),masayoshi_fujita
http://gall.dcinside.com/m/elecmusic/18375,ㅇㅇ (118.37),proc_fiskal
http://gall.dcinside.com/m/elecmusic/18408,hallsxxxs,voljum
http://gall.dcinside.com/m/elecmusic/18411,역정사각형,bell_orchestre
http://gall.dcinside.com/m/elecmusic/18416,Rendez_vous,felicia_atkinson_jefre_cantu-ledesma
http://gall.dcinside.com/m/elecmusic/18417,Doong2,ahero
